web-scraper-order,web-scraper-start-url,name
"1684254964-1","https://www.instagram.com/mohamed.dhiby/following/","jebarifares1"
"1684254964-2","https://www.instagram.com/mohamed.dhiby/following/","itsdhiabs"
"1684254964-3","https://www.instagram.com/mohamed.dhiby/following/","amine_fjj"
"1684254964-4","https://www.instagram.com/mohamed.dhiby/following/","its_just_sayf"
"1684254964-5","https://www.instagram.com/mohamed.dhiby/following/","whatswrongwithmark"
"1684254964-6","https://www.instagram.com/mohamed.dhiby/following/","salah_landoulsi"
"1684254964-7","https://www.instagram.com/mohamed.dhiby/following/","firas_njh"
"1684254964-8","https://www.instagram.com/mohamed.dhiby/following/","ismailzitouni"
"1684254964-9","https://www.instagram.com/mohamed.dhiby/following/","ahmed.gouiaa"
"1684254964-10","https://www.instagram.com/mohamed.dhiby/following/","malek.abbes"
"1684254964-11","https://www.instagram.com/mohamed.dhiby/following/","ahmedardo_sedki"
"1684254964-12","https://www.instagram.com/mohamed.dhiby/following/","abeed.safa"
"1684254964-13","https://www.instagram.com/mohamed.dhiby/following/","manar__saalem"
"1684254964-14","https://www.instagram.com/mohamed.dhiby/following/","bayrembenothman"
"1684254964-15","https://www.instagram.com/mohamed.dhiby/following/","marouen.blhaj"
"1684254964-16","https://www.instagram.com/mohamed.dhiby/following/","ca._.sar"
"1684254964-17","https://www.instagram.com/mohamed.dhiby/following/","aziz__beji"
"1684254964-18","https://www.instagram.com/mohamed.dhiby/following/","yassine_guermassi"
"1684254964-19","https://www.instagram.com/mohamed.dhiby/following/","yassine.brn"
"1684254964-20","https://www.instagram.com/mohamed.dhiby/following/","maryem_abidy"
"1684254964-21","https://www.instagram.com/mohamed.dhiby/following/","acilzaidi"
"1684254964-22","https://www.instagram.com/mohamed.dhiby/following/","eya.archv"
"1684254964-23","https://www.instagram.com/mohamed.dhiby/following/","fomenko"
"1684254964-24","https://www.instagram.com/mohamed.dhiby/following/","chaimadamak"
"1684254964-25","https://www.instagram.com/mohamed.dhiby/following/","dbshop25"
"1684254964-26","https://www.instagram.com/mohamed.dhiby/following/","adnen_gh96"
"1684254964-27","https://www.instagram.com/mohamed.dhiby/following/","abdejlil_khedhiri"
"1684254964-28","https://www.instagram.com/mohamed.dhiby/following/","eyaguirat"
"1684254964-29","https://www.instagram.com/mohamed.dhiby/following/","hanineznaidia"
"1684254964-30","https://www.instagram.com/mohamed.dhiby/following/","sloumskz"
"1684254964-31","https://www.instagram.com/mohamed.dhiby/following/","skander_jazeeri"
"1684254964-32","https://www.instagram.com/mohamed.dhiby/following/","wejden_mahmoudi"
"1684254964-33","https://www.instagram.com/mohamed.dhiby/following/","ahmed.toukebri"
"1684254964-34","https://www.instagram.com/mohamed.dhiby/following/","jihen.souissi"
"1684254964-35","https://www.instagram.com/mohamed.dhiby/following/","maimakamoun"
"1684254964-36","https://www.instagram.com/mohamed.dhiby/following/","imen_mt_"
"1684254964-37","https://www.instagram.com/mohamed.dhiby/following/","houcem_naweli"
"1684254964-38","https://www.instagram.com/mohamed.dhiby/following/","guezmyr_azyz"
"1684254964-39","https://www.instagram.com/mohamed.dhiby/following/","ouni.idriss"
"1684254964-40","https://www.instagram.com/mohamed.dhiby/following/","mohamed.nehdi"
"1684254964-41","https://www.instagram.com/mohamed.dhiby/following/","magrimohamed"
"1684254964-42","https://www.instagram.com/mohamed.dhiby/following/","helatb"
"1684254964-43","https://www.instagram.com/mohamed.dhiby/following/","hiba.abdelli"
"1684254964-44","https://www.instagram.com/mohamed.dhiby/following/","_khaled_zehlili"
"1684254964-45","https://www.instagram.com/mohamed.dhiby/following/","ghassen.ben.aissa"
"1684254964-46","https://www.instagram.com/mohamed.dhiby/following/","monta_nafti"
"1684254964-47","https://www.instagram.com/mohamed.dhiby/following/","bousshmine_aziz"
"1684254964-48","https://www.instagram.com/mohamed.dhiby/following/","__rain__bj"
"1684254964-49","https://www.instagram.com/mohamed.dhiby/following/","medaminekhiari19"
"1684254964-50","https://www.instagram.com/mohamed.dhiby/following/","ahmed.debbiche.1"
"1684254964-51","https://www.instagram.com/mohamed.dhiby/following/","heny.hajjeji"
"1684254964-52","https://www.instagram.com/mohamed.dhiby/following/","mohamedtouturki"
"1684254964-53","https://www.instagram.com/mohamed.dhiby/following/","1no_ur"
"1684254964-54","https://www.instagram.com/mohamed.dhiby/following/","archen_selim"
"1684254964-55","https://www.instagram.com/mohamed.dhiby/following/","yassineee_amd"
"1684254964-56","https://www.instagram.com/mohamed.dhiby/following/","brahmi_ichrak"
"1684254964-57","https://www.instagram.com/mohamed.dhiby/following/","alaeddine_mj"
"1684254964-58","https://www.instagram.com/mohamed.dhiby/following/","aziz_dimassi_"
"1684254964-59","https://www.instagram.com/mohamed.dhiby/following/","madonofficial"
"1684254964-60","https://www.instagram.com/mohamed.dhiby/following/","amineouesletii"
"1684254964-61","https://www.instagram.com/mohamed.dhiby/following/","hazemakary"
"1684254964-62","https://www.instagram.com/mohamed.dhiby/following/","ilyessidhom"
"1684254964-63","https://www.instagram.com/mohamed.dhiby/following/","skander_brikiii"
"1684254964-64","https://www.instagram.com/mohamed.dhiby/following/","__dhiaaaaaaaaaa__"
"1684254964-65","https://www.instagram.com/mohamed.dhiby/following/","salem.iness"
"1684254964-66","https://www.instagram.com/mohamed.dhiby/following/","rihabhamoudii"
"1684254964-67","https://www.instagram.com/mohamed.dhiby/following/","narimen.rahal"
"1684254964-68","https://www.instagram.com/mohamed.dhiby/following/","oussema.__.dakhlia"
"1684254964-69","https://www.instagram.com/mohamed.dhiby/following/","samir.slimene"
"1684254964-70","https://www.instagram.com/mohamed.dhiby/following/","lazhar_arr"
"1684254964-71","https://www.instagram.com/mohamed.dhiby/following/","manar___bouzidi"
"1684254964-72","https://www.instagram.com/mohamed.dhiby/following/","aminkhaldi00"
"1684254964-73","https://www.instagram.com/mohamed.dhiby/following/","amen_jouini"
"1684254964-74","https://www.instagram.com/mohamed.dhiby/following/","_yacinzz_tn"
"1684254964-75","https://www.instagram.com/mohamed.dhiby/following/","iamraayen"
"1684254964-76","https://www.instagram.com/mohamed.dhiby/following/","ahmed_mahmoud1__"
"1684254964-77","https://www.instagram.com/mohamed.dhiby/following/","ryansghairi"
"1684254964-78","https://www.instagram.com/mohamed.dhiby/following/","kaisalvatore5"
"1684254964-79","https://www.instagram.com/mohamed.dhiby/following/","yosr_dinari"
"1684254964-80","https://www.instagram.com/mohamed.dhiby/following/","haythem_daoud"
"1684254964-81","https://www.instagram.com/mohamed.dhiby/following/","achraf_hafsia"
"1684254964-82","https://www.instagram.com/mohamed.dhiby/following/","briguiachref123"
"1684254964-83","https://www.instagram.com/mohamed.dhiby/following/","unhommemediterraneen"
"1684254964-84","https://www.instagram.com/mohamed.dhiby/following/","khaledbenmna"
"1684254964-85","https://www.instagram.com/mohamed.dhiby/following/","horrorvial"
"1684254964-86","https://www.instagram.com/mohamed.dhiby/following/","_oussama_bennour_"
"1684254964-87","https://www.instagram.com/mohamed.dhiby/following/","yahi_ajarray"
"1684254964-88","https://www.instagram.com/mohamed.dhiby/following/","achref.fx"
"1684254964-89","https://www.instagram.com/mohamed.dhiby/following/","mahdi_b.salah"
"1684254964-90","https://www.instagram.com/mohamed.dhiby/following/","ib_chaari"
"1684254964-91","https://www.instagram.com/mohamed.dhiby/following/","jesser_zouaghi"
"1684254964-92","https://www.instagram.com/mohamed.dhiby/following/","nassim.rabaaoui"
"1684254964-93","https://www.instagram.com/mohamed.dhiby/following/","ademjl___"
"1684254964-94","https://www.instagram.com/mohamed.dhiby/following/","outika.ew"
"1684254964-95","https://www.instagram.com/mohamed.dhiby/following/","smartgymtn"
"1684254964-96","https://www.instagram.com/mohamed.dhiby/following/","miaa.b_"
"1684254964-97","https://www.instagram.com/mohamed.dhiby/following/","hriga.music"
"1684254964-98","https://www.instagram.com/mohamed.dhiby/following/","california_gym"
"1684254964-99","https://www.instagram.com/mohamed.dhiby/following/","impactsportnutrition"
"1684254964-100","https://www.instagram.com/mohamed.dhiby/following/","clubgingembre"
"1684254964-101","https://www.instagram.com/mohamed.dhiby/following/","celio_benormalVérifié"
"1684254964-102","https://www.instagram.com/mohamed.dhiby/following/","ri9.tounsi"
"1684254964-103","https://www.instagram.com/mohamed.dhiby/following/","ahmed.ben.hnia"
"1684254964-104","https://www.instagram.com/mohamed.dhiby/following/","hammadi.laabidi.7"
"1684254964-105","https://www.instagram.com/mohamed.dhiby/following/","hermesVérifié"
"1684254964-106","https://www.instagram.com/mohamed.dhiby/following/","zozoroeVérifié"
"1684254964-107","https://www.instagram.com/mohamed.dhiby/following/","ralphlaurenVérifié"
"1684254964-108","https://www.instagram.com/mohamed.dhiby/following/","impactVérifié"
"1684254964-109","https://www.instagram.com/mohamed.dhiby/following/","tommyhilfigerVérifié"
"1684254964-110","https://www.instagram.com/mohamed.dhiby/following/","maseratiVérifié"
"1684254964-111","https://www.instagram.com/mohamed.dhiby/following/","unicefVérifié"
"1684254964-112","https://www.instagram.com/mohamed.dhiby/following/","naomiVérifié"
"1684254964-113","https://www.instagram.com/mohamed.dhiby/following/","louisvuittonVérifié"
"1684254964-114","https://www.instagram.com/mohamed.dhiby/following/","chanelofficialVérifié"
"1684254964-115","https://www.instagram.com/mohamed.dhiby/following/","taylorswiftVérifié"
"1684254964-116","https://www.instagram.com/mohamed.dhiby/following/","jloVérifié"
"1684254964-117","https://www.instagram.com/mohamed.dhiby/following/","nikeVérifié"
"1684254964-118","https://www.instagram.com/mohamed.dhiby/following/","kyliejennerVérifié"
"1684254964-119","https://www.instagram.com/mohamed.dhiby/following/","aymenessid777"
"1684254964-120","https://www.instagram.com/mohamed.dhiby/following/","adam_mhemdi01"
"1684254964-121","https://www.instagram.com/mohamed.dhiby/following/","alaa.ramii"
"1684254964-122","https://www.instagram.com/mohamed.dhiby/following/","mortadha.helali"
"1684254964-123","https://www.instagram.com/mohamed.dhiby/following/","maryem_awabdia"
"1684254964-124","https://www.instagram.com/mohamed.dhiby/following/","oussama__hammouda"
"1684254964-125","https://www.instagram.com/mohamed.dhiby/following/","ahmed_boughanda"
"1684254964-126","https://www.instagram.com/mohamed.dhiby/following/","davidyrodriguezVérifié"
"1684254964-127","https://www.instagram.com/mohamed.dhiby/following/","__its.pastis__"
